x1,x2,x3,y
-0.6627240071998095,0.15692580674265577,-0.4350345514372411,-1.3268030592921622
0.5874753007725604,1.0,0.11775048099363983,7.699794050514437
0.08789064899310506,-1.0,-0.12084224332674798,2.0904455169842437
-0.6744832611868559,1.0,-0.6170781076917731,3.6501965971294004
1.0,1.0,-1.0,39.202808838780754
0.31859168390082493,-0.9328495506395431,0.4405706625858763,0.06232518032767809
0.5521677080481144,0.20875549537095917,0.0919388161966026,1.580533369645029
-0.6557774079110368,0.39006614412641083,-0.2895772852161629,-1.6830707514548822
-1.0,0.12720337336463472,-0.06057362030241875,-3.8873924131338344
-0.9695291517808626,-0.04551954570579375,-0.5429717892898751,-0.7954119610170622
-0.4871677749216696,-1.0,-0.43259454036894796,2.169354574466112
-0.6029176629356499,1.0,0.21249870118341319,4.629905976506009
-1.0,-1.0,-0.23348423550093922,5.935265819334362
-0.15523050111708603,0.35037798234596673,-0.51324489809798,-0.3031337184944921
-0.1651466415460492,-0.3016638985700131,-0.06026610425666479,1.337757799394756
-0.924572327678373,-0.41251181207448573,-0.5022375894236462,-0.026184442263681412
0.2339670555484208,-1.0,-0.5471268860788268,-2.1564517965076355
0.5539526767408434,-1.0,-0.4166672381488967,-1.6842220777294865
-0.5862792007983095,1.0,-0.09962971195537951,5.245019200116963
-0.7320136939934472,-0.8077568549860481,0.7403033966420565,4.071306063968951
0.8524890841279795,-0.6463444010794586,1.0,-1.7065646373618497
1.0,1.0,1.0,25.97884809069499
1.0,-0.06503501496444075,1.0,11.312549906204874
-0.40908233498631486,-0.1305779745135638,0.6348868361768041,0.6425135629341403
-0.3659515405001399,0.6978810104420365,0.46990441813090444,0.17290773654171201
-0.9012234536935708,-1.0,0.9592925747168977,12.997707889186495
0.8316020191455953,-0.17537527018739985,0.17316070087106827,2.8287966621436205
-1.0,-0.011350634590452158,-0.012059955652818033,-4.342944303373667
0.28655088369085013,-0.11231257804707706,-0.29811645712626955,1.2196303219855231
0.3158307882459408,0.23164415992912257,-0.15339566610134736,0.8785239895269755
0.029903628817323558,0.2573406819755959,-0.15616262209712395,0.7492526185421917
1.0,0.07092062977740676,0.05413816694745943,4.499501270934486
0.0818656494844765,-0.7524875186364566,-0.491777836848466,1.4918195930337796
1.0,-1.0,-1.0,-29.822131911579245
0.26522131788380054,-1.0,-0.1830912080749545,2.062369704951732
1.0,1.0,-0.15828520665950374,15.907719753477123
0.42964395729158267,-0.8110178869449378,0.2848248901270538,0.995623311286968
0.16427195909645032,-1.0,-1.0,-18.245088361893266
0.45585749651649365,-0.537593873115918,0.9477567512212002,-1.9171545493783906
-0.1604466740598831,-0.17618366636938454,-0.904533884911692,-1.1355619072143128
-0.8561097363967725,-1.0,1.0,9.544208822214406
0.6043652255149841,-0.9209983419081937,-0.6797461370200211,-4.8914763370460195
0.07014660664540551,-0.6573955205849702,0.719089844323002,-0.06811240532695825
0.5812156928704209,0.2588037187440577,0.516164232385812,1.9999195532139247
-0.03784550946022103,-0.5499187766624052,0.28987454327274453,0.2455150702089146
-1.0,-1.0,0.16534115300491448,9.060746197945951
-0.8526058225223003,0.3627688464728893,0.5313640719502448,-2.9114271859116414
-0.46549436674774536,1.0,0.17873847648011698,5.458875849705575
0.4805139442254498,0.36330434250485233,0.1164257191383038,1.7194540622040766
-0.2618726406372167,1.0,-1.0,1.807202013562287
0.05718049026340122,-0.38966375632756134,0.22911054971694278,0.8447355168256199
0.09319346515117966,-0.10237712426788947,-0.6516618118138504,0.3845498320688361
-0.6009345319413859,1.0,0.7857596059165599,7.391280936200411
0.3913254471224412,-1.0,-0.6231748425888011,-3.314338981072798
-0.6579500205661364,1.0,-1.0,0.5489436539845634
0.21514188540801404,-0.1923461159776012,-0.035597032546090146,1.6657190614035384
-0.5620482167277361,0.9533223120553476,1.0,13.778747590921514
0.05199542845594185,-0.5039518794938844,-0.7387695878239586,-0.07782808773540506
0.6922961059773471,-0.350516914660707,-0.8806093073306753,-0.06452572049317185
-0.9150019161639436,-0.37055662806773104,0.4083556277569471,-0.028422826342526464
-1.0,-0.11987595846390353,-0.43438390322908793,-2.6703550709590282
-0.2907255116017806,-0.6591335451948956,0.15075075642735003,1.7498465309324414
0.764220295771008,-0.23188343921871502,-0.20106959441473116,1.9776652320897568
-0.21300842303950818,-0.07531844114465258,0.9138383818321627,-0.7572922999385758
0.5672269314172818,0.016837260372490892,0.16179842882573525,1.1312249833165886
-0.5537790411244303,0.3605765842156139,0.04702901150526628,-1.3499719023961037
0.4300689455913915,0.6437480716769994,-0.5845013687486689,0.613582067682354
0.8298902592776749,0.8701093011977712,0.07383521263607773,5.243342161317441
-0.21949548774775107,0.37352611568221006,-1.0,-4.532006195988316
0.3985448268245977,-0.6825014193637733,0.8075038386509477,-1.5118069825891878
0.4718836880366595,-1.0,1.0,-7.577304283220665
-1.0,0.333456510306104,-1.0,15.272160320212167
0.21965159202651385,0.9982114607490549,0.9684715341080681,10.870564633526717
0.045095053302277366,-0.2959277002489846,0.5275966701079868,0.5147205722342023
1.0,0.4055829832144655,-0.21807584101625044,5.713281445265348
0.08196772366489502,-0.718561700653737,-0.02513291295058262,2.3730423641123877
0.09601416631089399,0.6391403167156069,0.9066393351178166,3.163393429605266
0.3236386859447111,-0.5972515795456961,-1.0,-8.014885867618961
-1.0,-0.5763963394045306,-0.05127107456475333,-0.903902164703646
0.27117681975868435,0.33700500508710385,-1.0,-2.6363543207712343
0.7604732976930721,0.3450988780673281,1.0,7.1304204385376675
-0.30961267938272474,0.48518585198877306,1.0,4.052696826848532
1.0,-0.10242597874661441,0.9961970143365677,10.9070781394261
1.0,-0.7650298019960886,-0.6458667150094273,2.0933078931946896
0.20042175546103724,-0.35428436798416385,-0.6740580629382185,1.12345958050316
1.0,0.09415757633146016,-0.7147664166991949,6.928517421565189
0.12818503622171984,0.38332328035608976,0.4646918524106196,0.6718817167537251
0.45334525105378765,-1.0,-0.5732455424366802,-4.142208110055042
-0.36225353546660743,0.5041258849063741,-0.5116286964535599,-0.7390948157907264
0.0445437722434201,-0.9291708562549124,-1.0,-14.322319612132592
0.7905070194846073,-1.0,0.37589603611366584,-3.2280760564760946
-0.38580407072049794,-0.5248940913489237,0.787087337509967,0.3910276555516575
1.0,-1.0,-0.6930439033442894,-13.432782107477063
0.00031095440647210815,0.6607165244950304,0.8612608610301944,2.6308479083811367
0.32723459409925715,1.0,-0.059500386841702335,8.864695191769096
-0.3283231429578293,-0.6375330890898245,0.44567334563812877,1.2657006291959876
0.21053508294337653,0.43545497447032866,-1.0,-2.835811384003348
-0.4785061428378019,-0.892080838591446,1.0,-0.39733875885291253
-1.0,0.10316265914122336,-1.0,12.879266924269194
0.7986576483669725,0.5848903153642988,0.6151982656705177,6.2503893232155985
-0.013319598783170905,-0.6400827786510515,0.03570597764688577,1.5819569656621797
-0.09871456447460081,-0.4945809702678352,-0.7398235414275556,-1.1553313751262664
0.9292622153923891,0.11343217755960455,0.921036467222039,9.062363869281175
0.6882064643923602,0.4646997107638058,-0.5585555836569625,1.790359198372598
1.0,-1.0,0.8126473394729694,-5.386349004151905
0.4158669004771396,-0.42315474727579816,0.5347293275374236,0.23782389072749566
-0.20224581875067615,-0.4291472266998402,0.08468148366860473,0.9286098833391523
-0.8617418042484757,-0.3046784444080646,1.0,4.0604983814788635
-1.0,-0.270168431776282,-0.46852748611820605,-2.2082585034797253
0.7106619093956092,0.5333811426020905,1.0,7.2619740649637325
-0.5128623772197476,-0.03264638474152726,-1.0,-0.8022586969650337
-0.8682723488133042,0.473589439118282,-0.18164342465485417,-2.5147297247051967
-0.5399659496400788,1.0,-0.09021454831923248,5.649815522401798
0.438685429580137,-0.2037075456725821,-0.5886961993729531,0.8992597285626494
-0.5715211243323934,-0.21746330263163327,0.09501757098679775,0.31388797396094564
-0.4373025617982642,-0.022328712229971348,-1.0,-0.8024909089594807
-0.09886447911523932,-1.0,-1.0,-16.19204731033466
0.09407325996882077,-0.24053962588170874,-0.3032468181203172,1.8092794275012483
1.0,-0.9970656256184207,-0.05404066826788667,-8.580126569004511
-1.0,0.32788813922251636,0.5516897783331365,-4.028766135198565
-0.012130453549542786,-1.0,-0.9541507456705329,-14.072790042439125
1.0,-0.41153031596300904,1.0,6.208885441471609
0.023107216255449536,0.4257442110044287,0.5230473341013624,0.6247712374164187
-0.24347783321590155,-0.27292067971153866,-0.34838397176996083,1.0022810096975514
-0.37281393192458845,0.29123570729725645,-1.0,-2.0922494249845873
0.1558360461650301,0.11704658658097467,0.5396714371523212,0.6296232815466178
-1.0,-0.15814545382855627,0.38513470449864795,-3.877112698189513
-0.7890312695010664,1.0,0.07437933133344043,3.712798065664095
-0.5107956531177016,1.0,1.0,16.1888273129071
-0.08586168500518232,0.6939376165442674,1.0,6.072573504410489
-0.07906468537159861,1.0,0.4892970544033537,8.647825137172003
0.10117881953725627,1.0,-0.2634887034277642,9.064209352778267
-1.0,-0.3791865819121514,0.07602640714185993,-2.519495910821256
0.9504863495991716,1.0,0.9324468830277564,20.050079034110937
1.0,0.4958024543186146,0.0687946301125979,6.540005969199686
0.9011424119607616,-0.6033449480764965,0.00818813681561159,1.7986723375867775
-0.4391467502686619,-1.0,0.38600018246838497,2.945315453036611
0.2280633099121696,-0.5598256468994898,0.5028155638315461,1.1493427540883157
-0.892463674635001,-0.1314511631435209,-0.09346167228681668,-2.1140453608049197
-0.24378351233903417,-1.0,-1.0,-14.652111557085101
-0.6523939393341691,1.0,1.0,16.49586727247806
-0.11396063051956462,-0.19807683252636954,1.0,-0.21667522619951302
-1.0,-1.0,0.8801329650267748,19.53865622756257
-0.5049277842872562,0.20828821632261763,0.625087229750892,-0.7847286259878702
-0.7659190769096114,-1.0,1.0,4.601820041528175
-1.0,0.4103705579634258,1.0,4.0011573995929455
0.8583891922411644,-0.2217420635284839,1.0,3.3184755451425385
-0.5660275061795932,0.4520707439376972,1.0,4.264128491752909
0.39200688828486263,0.3659451210771463,0.4436385031465626,0.8177941980378922
0.2128112122776311,0.08670380007219403,1.0,-0.28681523280419496
1.0,-0.6551383592285709,-0.798026047128717,3.282826531428658
0.3052422424691805,-0.03025976010445164,-1.0,-3.4090052557042534
0.9277986131843017,1.0,-0.07376077250876412,12.024027780033077
-1.0,-0.6466745846244786,0.06833201507951547,1.3982630920149375
-0.6934453149933826,-0.1373559348020268,-0.25873491958315964,-0.15977495503443492
-0.5658373244661647,0.5587356654841036,0.02534096359481519,-1.7851334197545181
-0.6046717963550661,-0.09105209604657616,-1.0,-0.09633140706412224
0.38906760821652453,1.0,1.0,10.263200689511127
-1.0,-1.0,0.7277887359367212,15.581560348530477
1.0,0.26570204563098976,0.18673682745854103,5.083551980204332
-0.9557636305975956,-1.0,-0.5615462704584369,4.3366822014890465
0.6885415516573836,-0.7717452647438876,-0.6333541903270441,-0.03490821886118467
0.08790753272459662,1.0,0.1847968508576998,7.091864016708094
-0.6040054415428628,-1.0,-0.28542345544354175,4.156319894430545
0.6045575671663606,-1.0,-0.028893414344342894,-0.7594062837759159
-0.07034455991412991,0.37942091827866786,-0.1645524300566299,-0.2646737326361531
-0.3618110958074605,-0.21446390067196242,-0.5000557002423629,0.15302263505815622
0.7758926532984451,-0.700690024075413,0.7562534609562084,0.2156421530007389
-0.034555108437679616,-1.0,1.0,-6.716521961350841
-0.3135056640672669,0.42062886561652335,-0.39981528897780017,-0.9817981057783038
0.5094107794806919,-0.351748562278811,0.2977320297744812,0.6563151758657549
1.0,-1.0,-0.40536967668330104,-10.236788952888128
0.7213871714378732,0.2100556154669886,0.07416043353092161,2.123130487595188
1.0,1.0,1.0,26.261171163695607
0.0726069120422359,1.0,-0.13449663396937828,9.055240115492454
-1.0,-0.17677854186876907,0.21684871006375084,-4.255643287855428
-0.2552347968184441,0.8962113873378379,0.7059638489871007,5.197655690173796
0.09327962729637651,-0.12560709664586955,0.6008752299402365,0.29961122865280776
1.0,1.0,0.5231044063782493,14.614218255063632
1.0,1.0,-1.0,38.55317647886391
-0.03310239300383433,-0.9085144599859538,0.03845651455524868,2.9134313671433976
0.4991397224990173,1.0,0.582858962812014,7.2679336981596405
1.0,-0.9339559015570069,-0.2789420483695464,-3.048687020941241
-0.04770465016319836,0.31791118047700273,-0.006196805164562447,-0.7189146714442971
0.01130767840345559,-0.17117794536351538,0.9518143028845056,-2.2662112741299856
-0.30092658952029216,-1.0,-0.5347704280312275,-0.09273755244037676
-0.018148898607786013,1.0,0.7960361273355292,9.448485190357417
-0.6319453249063409,-0.2522211691103142,0.7652485713576198,0.9622809736946076
-0.9624094680229529,-0.007411385070394738,-0.756483245042411,1.4848858803110545
-1.0,-1.0,-0.08256589624346411,7.166662343729654
-0.11870303722096032,-0.4392916566845533,-1.0,-4.939016565736943
-1.0,-0.2976250296187104,0.7227409941331511,-0.27262728199347147
0.46284370928238494,-0.328935753261665,1.0,-1.9382237897010828
-0.019523276815945234,-0.6733905391041604,-0.23731721785915427,1.2723044779817283
0.02859605580006841,0.7615243109775212,-0.08075917355613904,1.1777886884508009
1.0,0.021866522625068274,-1.0,8.28131496895919
0.9805414283951588,1.0,-0.46234344094716784,19.16335429387032
0.18719207334394583,-0.9616922832603212,0.32357684599563385,1.9147419621882298
0.9665618710253872,0.8042694741446927,-0.4548946272909047,7.871116468305097
-0.26988338461543404,-0.45683630827692934,-1.0,-3.62617306677147
0.6160100099921149,0.3360823704686877,0.8119117608959532,2.5248125864508095
0.08431409289970504,0.3557555674185682,0.5785416465763507,0.59873793375267
-0.9446781042991848,-0.6383129135259391,0.5499679394388928,3.812798904717888
-0.299579799646831,-0.24438616320573847,1.0,1.0330255688746253
-0.3560205824279956,1.0,0.38971703935715807,6.838489383455226
-0.8160764435574406,-1.0,0.522529785046485,8.193125653783385
-0.07579839009932776,-0.9991892494466017,-1.0,-16.58950963588798
0.4871295151268338,-0.8011532337771463,-1.0,-11.248554428821624
0.7491478351899397,-0.5530340596403314,-1.0,-6.780523997124307
0.5053495462112141,0.6237683767241609,-0.1991462242435318,1.4903988483908366
-0.27352016927755485,0.2806521288784207,0.0853011215710231,0.2806043685545649
-0.16383175218054102,0.9558916895916785,-0.09088626785265097,6.142743571016784
1.0,0.6334319128678296,-0.15559410490423842,7.022311086094697
0.37485580067989943,-0.8393477126466291,-0.18652670219907175,0.7959129395804845
0.7346190545497697,1.0,0.7010897847682962,8.916688561592192
-0.11738855845605856,1.0,0.13122899353161688,6.789915111348947
0.32204221807994426,-0.16183171699519017,-0.10273747563966773,1.9885719166316411
-0.34308801546791434,-0.7581292106566231,-0.03405619690784856,1.673962587148988
0.2652069462753779,-0.5216459763386934,-1.0,-6.158470981065908
0.18546216793602288,0.13385906204561238,-0.753432097019874,0.19047185352308293
0.23557304125917122,-0.38702991633909534,-0.0057850616643242425,2.192528673622215
0.39017517714764094,-0.7216598465417798,1.0,-3.7421554980498666
-1.0,0.405476573810867,0.6057819042985717,-3.6742898858776143
1.0,-1.0,1.0,-9.127364057681328
-0.3419583790947711,-0.2934728122988317,-0.11264877765087689,0.24907528662422695
0.6185426944405568,-0.2931252563844018,-0.38489533150897537,1.7262066301581753
-0.4308120137705511,0.06329300329291954,-0.31322503283503256,0.05262799187125772
-0.174833403983504,0.5736701742468213,0.921105394909175,2.5775153971314406
-0.767936061391413,-0.7282594407250247,0.06326383637133293,2.1886593100412837
1.0,0.6706533042940817,0.8023468501497,16.55703812841499
-0.9999779417498016,-0.08225872851525895,0.8819337235454643,1.3051002318805076
1.0,-0.16998681933771342,-1.0,6.51571401173769
0.23150130458763263,1.0,1.0,10.0134446364901
-1.0,0.19893178714935233,-0.09629496641440882,-4.288418148708971
-0.06803653004181731,-0.7555116108938214,-0.47226882292681105,0.9552911816065079
-0.6410023328609007,-0.6223071409494658,0.36960109603751157,1.826271331273935
0.035925490030579876,0.14687599165416176,0.9530066741130645,0.2238900524752424
-0.10131326917336891,-1.0,0.12343124777542047,2.6473642787743175
0.8863569717659916,-0.19243371379273766,-0.06340279986634201,2.96539352369705
-1.0,0.6122966559030576,1.0,5.998535139822454
1.0,-0.31892189163651263,-0.13066670543934755,3.8796976115866073
0.20913952352877585,-0.41394094332790266,0.6163405958831285,0.13244755692993282
0.3636696262210424,-0.6860944921912651,0.302057216157011,1.8235044100554731
1.0,0.028024919064679077,0.8514747852353741,10.269696559621767
-1.0,0.6992255287067557,-0.010279864916193038,-0.6805028368410468
0.3331085498831736,-0.9794727087294537,0.16836331015633155,1.068031429228037
0.2500505160005828,0.33535081446616544,1.0,1.7999537258978462
-0.6763612741093843,-1.0,-0.6127801274522124,0.8131528275544861
-1.0,-0.27911926793884745,-0.9366508889681133,4.830396683989318
-0.6721057816116167,0.9530370877581102,-0.353480127190851,2.4817357787100924
-0.11997201068552421,-0.7312114250142867,0.23815834015234505,0.6674171543606114
-0.003503853972969262,0.03916483778329227,0.13780469105707138,0.29939530190553726
-0.16257398587865501,-1.0,0.7680401192767026,-1.368016372698182
0.664391204666057,0.11996871162322886,0.04998899677740476,1.6456456779384925
-0.4438238413682132,-0.20975656684122557,0.07355798537355884,-0.07374542215378734
-0.9817471197943684,1.0,-0.19155098208472698,9.238624934249325
0.149670824393475,-0.34631801921171323,-0.8866456946016308,-1.750200318963593
-1.0,-1.0,-0.4203649717037441,5.29404602257138
0.0029972198134120553,0.15176198437193755,1.0,1.1419471353010513
0.27420657405030324,0.22651317887392763,0.23047198937693358,1.5210092746430341
0.9057656574539426,-0.18730176000440202,0.16256095796647085,3.5992563068118884
0.2355229023465253,-1.0,0.6262370645466215,-0.5465038372906763
-0.26739537532430635,0.5390970473987264,0.21754671965686967,-0.11025846345681095
0.26737714878187946,1.0,0.43193001330290204,6.8296107431795505
-0.013881318931752373,0.6925956713204477,0.18199030725499,0.6347216393123375
-0.03576844577245075,-0.8312607544929409,1.0,-3.437506050525786
-1.0,0.053328808533093186,-0.434782834025744,-2.078217832276487
0.348418901621532,-0.523477268709593,-0.863550886881868,-1.508879241277213
-1.0,-0.7759446148585252,0.14214806069804675,3.5122710344390233
1.0,1.0,1.0,26.148918014395203
0.1575125917685083,-0.029859055079417995,0.9483926283457536,-0.3182779770575942
-0.4530580292106099,-0.7896461332739713,0.3143620235626532,1.21624718241437
-1.0,0.2849950404430499,0.35392668961579554,-5.079947202572811
0.588622291475426,-0.8822575243614637,-1.0,-15.469439276392793
0.6264022299002556,-1.0,0.9058881166186639,-4.973591560517838
-0.9643116764960045,0.9834503875473728,-0.5567386258343137,8.145412754458427
0.5405378360093416,0.6774591960295615,-0.7684402119240863,1.6962268352851053
1.0,0.5972302916734509,-0.14990648632237846,6.324193540973665
-0.6692156294292968,0.6213446484942626,-0.20519061036066155,-1.7685173422229452
-0.34394508508203403,-0.6279469284339945,0.4749824545988277,0.705052750711995
-0.41152832473618384,-0.5225605007275169,0.8815038356337406,0.5142001804422165
1.0,-0.02853405696443967,0.828501067044233,9.783375010413906
1.0,-0.0034217992129552677,-0.17963299467558858,3.880054003874129
1.0,0.6935804495914555,1.0,24.573646624062462
-0.8559887466554861,0.3883188636272856,-1.0,6.306705579310842
-0.23117602752529098,-0.4797857262879286,1.0,0.5399459362927365
1.0,-0.4466565820883157,1.0,5.804535659902136
0.5828299555518797,0.01155612650021065,-0.22240022322853603,1.1406678483487003
-0.5921130779882644,-1.0,0.24314087554286612,4.201262659953822
-1.0,0.39574179390008757,0.47712077686961196,-4.335276488519102
0.20595499991909483,0.4907546323899836,-0.45555084573962246,1.0277604246371446
1.0,-0.5499135730307068,1.0,5.100071327579537
-0.9191900186109594,-0.05776823939898934,-0.6935925277571262,0.9427038382816544
0.46903506549137375,-0.47778312443176985,-0.8759077658416072,-1.2965301114066963
-1.0,0.007908113566836406,-0.2455638539160243,-3.34320930754563
-1.0,-0.055810539837507944,-1.0,10.757252825804182
1.0,-0.054412649765386734,-0.5580309050803072,5.537113816657582
-0.21967394832616827,-0.14437571356953738,0.015286541064317483,0.1509347166847994
-0.11939343901567989,-0.29999690650888544,0.9164192072705706,-0.6018237866501629
0.4890041350154446,-0.2999028732174893,-0.5736871764876634,1.2139860182741689
0.4491743252592335,0.12401984493953377,-1.0,-3.0205838780467262
0.5147133953576817,-0.4995334105312299,-1.0,-6.853858429752586
-1.0,0.013677219583680955,-0.8563657979656538,5.414213094267697
0.56751145564007,-0.4560262272122946,-0.6488362753888774,1.5100533009594725
-0.842681385092571,-1.0,0.14218382435875188,6.323269319103101
0.1962549137675047,-0.36717080856358253,0.8156485327272665,0.34423733214813396
0.870710797384362,-0.35662087591335867,-0.2340196111348971,2.005924157397208
-1.0,-0.2547667355721248,0.2573938591987013,-3.394602432477471
-0.8568384207943951,-1.0,-0.25853816955371633,6.099448316057144
0.584544782271029,-0.8303238588409836,-0.6768752881286038,-1.8280866010960464
-0.7748016097320951,0.26094304295814186,-1.0,3.756453611338073
0.47273629214025337,0.35973406782278383,-0.23444574906303006,1.5960215127130686
-1.0,-1.0,-1.0,2.861646723846857
-0.7279580580858318,-0.06327854040201797,-0.40466910985879423,0.23801901898956157
1.0,-0.7988663254309349,-0.768001116035252,0.07965105293374736
0.7733071436732206,-0.26308663431169,0.6670938474631423,2.259692168271982
-0.08988704164075023,0.972161768612247,-0.3178195425603434,7.072911257356113
-0.5241614331656415,0.2215836133969329,0.3113238484700327,-1.1866217110488844
-0.7280506730701606,-0.2736961277750982,-0.28441563453401164,0.6287361345552609
0.6679132773336443,-0.35611648715646727,0.4115508762217204,2.3931742041772237
-0.2983643713027737,-0.5595313096479313,-0.8059487150224385,-0.5380002867095101
-0.10154599407793374,-0.4496403869282879,-0.07797260513121063,0.8696580981361206
-0.6530467999154241,1.0,-0.3492040296344421,4.82975537676687
0.7149668421552919,0.27678530095740017,1.0,5.041949892323805
-1.0,-0.10340212892033573,1.0,4.07512176997997
-1.0,0.0595298403779545,0.7843649776822614,-2.5252130695575032
-1.0,-0.14424320141720837,-1.0,9.472577883401812
0.7231271188585384,0.9335793493022937,-1.0,7.630181247254198
-0.3350624744901103,0.6019775940610468,0.6823534488568395,-0.02887263272775109
-1.0,-0.6734536710809931,-0.267791498540739,0.5935029019976796
-0.27737625550641254,0.9972245478812853,0.27763640156370495,6.6900581023002905
-0.015712607873676898,0.9996008524231441,1.0,12.573924121346042
-0.1444228110557908,-0.36631969230001027,0.3394827114304013,0.48865204612917645
0.8931494377667559,-0.04525088291468182,0.9799059188160664,6.009465493428907
0.5810141317752084,0.06696051077837839,-0.14058585519386213,0.20472909130104044
-1.0,0.12190345317874174,1.0,3.2608690382259193
0.16281108257901433,0.016929092700906923,1.0,0.4986056821618682
0.17140659793993485,-0.16849663956728156,1.0,-1.3266998369249827
-0.7868251615880866,0.4070889908760311,0.7527317610219415,-1.1837671938095506
1.0,1.0,-1.0,39.13087524656751
-0.057548222676655936,-0.8449647991361675,-1.0,-11.121893530616658
0.3944788405492101,0.33085983098433824,-0.1089473128802525,1.1206061238946452
0.7755338235708558,0.06487132066488921,1.0,4.2326968453149725
0.19672315843295007,-1.0,0.032954132535866876,2.042235909621409
-1.0,1.0,0.3053852055452313,3.571878695481357
1.0,-0.9045922125663917,0.0642196792880596,-2.4803644282557675
0.8248870005437969,-1.0,0.46983886568758404,-2.7051608586403706
-0.586500801854452,0.38176622764224843,-0.14039222574471522,-1.529179843377492
-0.8865482676679084,-0.4245059103168243,-0.6040290589837531,-0.25069898934296164
-0.5667198544574046,-1.0,-0.749529875393149,-2.5055526542507383
1.0,-0.6139984398893561,-0.5090559971913136,3.3789847515638933
-1.0,-0.6886012336800089,-0.07982588386440526,0.8558880493577923
0.4228336441106182,-1.0,-0.8092700590381523,-10.033695592651698
-0.5046653574859048,-0.6904821509486052,0.9142391566908727,1.7020793954755344
-1.0,-0.008901004509823673,0.3475549072784969,-3.7214158592035798
-0.8990065112808805,-0.43007006503827405,1.0,5.407884911541284
1.0,-0.01530855048141988,-0.10296207968106752,4.172396001326675
-1.0,-1.0,-0.6452499638024329,3.9708427086298577
1.0,0.713584326602493,-0.2595411382845585,7.5047213208749115
1.0,1.0,-1.0,39.303422437321515
-1.0,0.4104639208056038,-0.10776002117388295,-2.824796896819249
-1.0,0.2727518521941108,-0.05844288121306107,-3.946571541208707
-1.0,-0.3607216370135127,-1.0,6.643136887097504
1.0,-0.997966707830072,-0.30652476952740004,-8.604666763784373
-0.1797572447535165,0.13347393992302248,0.43167065877427935,-0.6802142343900199
-0.12448492429611924,1.0,0.15433866648750416,7.018097388477607
-0.1791618177165717,-1.0,1.0,-5.9133195126859945
1.0,0.4721460477605197,1.0,21.492840921854306
-1.0,-0.11706249423477133,-1.0,10.388417655812372
0.5975356886446186,0.8292713754315573,-0.9384302218040834,1.3404663748403358
-0.06243107328556041,-0.19058353666931893,0.05237708442081157,0.565339995142539
0.15188888017314217,0.03421827461659044,0.5860372928165873,0.6581140801564066
-0.833575220237661,-0.35923027303231714,-0.42062855604801186,0.2643581848530687
-0.43477492962704867,-1.0,0.7899846641588482,0.15514214693753076
-0.27344664926519413,1.0,-0.2530486631318831,7.400791437708089
0.4766444060366528,-0.49457509372215913,-0.8916131994201397,-1.9169210354728032
-0.5204490650375906,-0.39530839811066554,-0.18770841632404456,1.1432403374871842
0.3658134851458894,-0.4414301278136581,-0.22807658794313568,0.5330588493583596
1.0,0.530734476546106,-0.7128996406510464,7.252752158559971
-0.11122735794742611,1.0,1.0,13.669768023358134
0.08671467163792856,0.6479380620983126,-0.5148151551408049,1.321379457493741
0.10110393753250446,-0.24848246741143232,-1.0,-3.660441751094273
-1.0,-0.7030078844461232,0.32173552061745414,2.8100004489319885
0.766041766940385,0.2985679165977728,-0.37250390296901825,1.3355085249517922
0.3570701755074399,-0.16551833664816207,-1.0,-3.109313921335363
-0.8613400894949348,-0.5204996840865237,0.12648447984646705,0.4379976710704436
-0.10016552086952157,-0.24116566370532344,0.01457599057870329,-0.06180811622033433
-0.2757876451419663,0.3933634145798852,0.9661832457196398,2.8461410078452536
0.11583756646214716,1.0,0.6900432085730692,8.985306324343297
1.0,0.3551715716727588,1.0,19.61940277839759
0.2657871655874393,1.0,0.6914424039347613,7.935268041737036
-1.0,0.8045133729297771,-0.038242760479435534,1.7834369139896968
1.0,-0.8034118356210156,-0.08478929436224303,0.6901344066441859
0.39488994569928604,-0.8530711334930026,-0.03678488182622064,1.207559984072876
-0.6882003675939183,0.3693113013409408,0.2847699158452506,-2.043603742427696
0.11314255868130796,0.3876539801131722,-0.2796587741397454,0.06108932004542922
-0.2222900703778734,1.0,-1.0,2.141724458575242
0.5255504464818688,-0.32316879754451633,0.5567230139206039,1.0611121156134615
-0.9797479731050933,0.6357522463527228,-0.071144193948522,-1.5941232666734702
0.7124163442478539,-1.0,0.12872289678949111,-2.719770618191614
0.3507493471766274,0.18223756406763325,0.3935957205024587,1.2238331619769884
-0.737649241520151,-1.0,-0.5680378560576802,1.6975318864084405
-0.4498418425592112,1.0,-1.0,0.6217776037900715
0.3408801160110726,-1.0,-0.9157707836508147,-15.099908068165044
-0.34669427127432617,-1.0,-0.22259432864050943,1.6798073752571423
-0.46832493871475456,-1.0,0.18986041658363795,2.908053034252376
-0.1485754688201706,0.4364238001429226,-0.3735974816485299,-0.31761673068790575
0.21784584567851395,-0.7731085562765896,1.0,-3.4732081555107386
0.2615438938570829,-0.5425989999365943,-1.0,-6.653308032259516
-0.03103590694131486,-0.15070082582400923,1.0,0.20186123055823046
0.038856989059240066,-0.19180307786612993,-0.5331230915695109,1.2063381539417193
-0.4375451953138316,-1.0,-0.2688263181978261,2.9064737841677983
0.7405430687772621,-1.0,0.12941585034302472,-2.728762826577826
0.6011552291681943,-1.0,1.0,-6.32103780080347
0.020340209146881616,1.0,-1.0,3.457496636474219
0.5725183558543181,-1.0,-1.0,-23.273834838021465
1.0,0.643546771072907,0.6185205101450801,12.441847216146403
0.20131909498483003,0.9327686246302858,-1.0,1.2107597458984394
-0.14723811195845782,0.5029737697678118,-0.6305826671825538,-0.6367200494283591
-0.513952221895632,0.2867325095936317,-1.0,-1.5419253394665196
0.168826837627303,0.3062863347018563,-0.4172543798700621,-0.11939134171830579
0.15975795474653953,-0.028144260847265956,-0.7133711594953429,0.5558886533578526
1.0,-1.0,0.8502029811133576,-5.939928949712749
0.04253933551642519,-1.0,-1.0,-17.752010875890715
-0.0634553541621179,-0.14989192163710086,0.18155986501096733,1.1886729931853441
-0.07374147173341528,-1.0,-1.0,-16.972610173839644
1.0,1.0,0.5900033802536351,14.557632869885477
-1.0,0.41739494249377707,0.13518737341556197,-4.354374546924589
0.9438259265521785,-1.0,-0.8235761392824128,-16.78392997383899
-0.25767156953580184,0.7281424130918286,-0.16066732735456357,-0.13751904314080016
0.5262646266761253,0.8623440443687047,-0.3968787216587857,4.142859632946206
0.8226610660988778,-0.508620887429599,0.0984572609891714,1.2145377344476525
-0.06352587618049155,0.7358358661190549,-0.3283927410996397,0.33923600131323195
-1.0,0.626464990224876,-0.041050289015722274,-1.7543359593410721
0.1214022631219811,-0.033569171948854004,1.0,-0.3538465102181938
-0.17609340801935058,-0.18047585375845032,0.6791518002082622,-1.2634749330227508
-0.098125063323653,-1.0,-0.19815977310913935,2.2139264903037095
-1.0,-0.8110177390223339,-0.4945557015143518,2.817303396006076
1.0,-0.08322908316456856,-0.6439516466315203,6.610324633612287
0.4292970202604427,0.04230185048257229,0.7929772871461283,0.8330473538234995
0.10543830011327571,0.6444552100052339,0.1988059015269914,0.1456748766035958
0.19187112781771387,1.0,-0.20161323751288784,9.401043762581223
-0.044930386146580625,1.0,1.0,13.969360731954957
-0.6496180714417414,0.25316290426797483,0.6379311441552356,-1.3583672576662036
0.36901693856415196,0.3892850318830581,0.509219759102151,1.2501006873876979
0.06387230881529593,-0.6860326747106089,-0.3703267482717425,1.1952789027936292
0.6408754045518252,-1.0,-1.0,-23.872774025881707
0.6491460800608544,-1.0,-0.6977245813837081,-8.534258951326247
1.0,-0.12693752025993144,-1.0,6.9177568930266435
-0.2315388142373911,-1.0,0.8085002878456946,-1.372330071209347
-0.5081287752305217,-0.10381654362489345,-0.7674995325699474,0.17877921594429078
0.14464727517534226,-0.2077016817430204,0.08376218642511057,0.21009114915633775
-0.037971329528900366,-0.0077287206040355105,-1.0,-3.4135703441994045
-0.5379701283191534,-1.0,-1.0,-11.52420812937127
0.6916175298164089,0.04587146066319292,0.2516681217025851,2.2795916198538633
-1.0,0.5086252358829648,0.5068340791561101,-3.7806074551891315
-0.5910173893151105,0.14594468822615303,-0.4818729292413879,-0.7353309609021714
1.0,0.2451432147950623,0.2674246308178547,6.634202657995066
0.28779940333952103,-1.0,-0.5000729320542978,-0.5946499776483004
-0.19038964312690343,1.0,-1.0,2.802997572640541
0.22303558623142616,-0.1371631861879845,0.1404487218811148,1.3987044296987954
-0.46278703357537565,-0.06446420115142781,0.8629143169934779,-0.21307818880798096
-0.041671947334128934,0.2938651751041894,-0.37616884505581605,0.016989901466131607
1.0,1.0,-0.08660095793075917,14.418716075799786
-0.23537023269933366,-0.5284902309070216,1.0,0.029305130916067568
-0.07190728101547261,1.0,0.31894612028937463,7.165684139440502
0.40887365399837394,-0.39381918409362626,-0.939755405827531,-2.6467631049313654
-0.5265326543448536,1.0,0.7677795086348276,8.345441005486524
-0.08654311882546506,-0.7551356390175572,-0.1386024313791554,1.577426959436746
-0.09301987531478195,-1.0,0.3807348116884619,1.9980311989083257
-0.39712263897602096,-0.4951104139481515,0.7434105894463396,1.5346811373654405
0.0018761241814941876,-0.2924838565470469,-0.25415228259104894,1.359133033937832
0.002600865236681571,-0.3079956209612178,-0.8221461793833276,-0.4636923293960376
-1.0,1.0,1.0,17.056057330443927
1.0,-0.4749008394739884,1.0,4.282066199804113
-0.02408984533259728,-0.23507818321289387,1.0,-1.101204471077603
-0.837367077683012,-1.0,1.0,9.049946182815935
-1.0,-0.0026187638946366665,-0.3037745506344933,-3.597087718107756
1.0,-0.9964818770166524,1.0,-9.540993302210845
0.029898412879712177,-0.34818624930900977,1.0,-1.2680293086199428
-0.5653860448027743,-0.2128140578896962,1.0,1.746113610796037
-0.9206067746815432,-0.646691457039652,1.0,10.139401318540742
0.4497699700059239,0.23630516913367328,-0.8345797506357351,0.7713146710197276
-0.1574870698385995,0.05075710394598376,-1.0,-2.6487568754116704
-1.0,1.0,1.0,17.801993101032124
0.17643943602562961,-0.023021738166125294,0.662910988823256,0.2606987568225643
-0.7094037709130361,0.8022347616063419,-1.0,-1.157273530198928
0.09776580013082925,-0.5241713686351899,0.1410650895918253,1.650070914504764
0.6455588693280105,0.9392197456889126,-1.0,6.005464014360526
-0.9158737689161345,0.16531895490426907,0.024622259977343575,-4.002946541199276
-0.23514954479850148,-0.24027090888708091,0.4291469440222915,0.6215008774341003
-1.0,0.7266093759543446,-0.7925604711957899,9.501546716805409
0.6015856829697588,0.022479370765414286,-0.6757880329009252,0.894667261104686
-0.11738367349126455,1.0,1.0,13.94139624401486
-0.2257080659172208,-0.687721415580868,-0.3912391383422622,1.2863846114535362
-1.0,0.45772712838036056,0.3935094321754238,-4.733207221841701
-0.5576494698718024,-1.0,0.22084411096171475,4.121398366728656
-1.0,1.0,-0.52065318646106,12.240527242286415
0.3781227935766174,1.0,0.45037794882587945,8.01427008539472
0.14932022928762922,0.10770250547150662,-0.09177986255397363,1.043333876729993
0.13444403848520525,-0.12933896759361563,-0.5997004300140429,0.9639732666255422
-0.1886501808823624,-0.10513875007579276,-0.26455592205566236,0.3948328619226018
-0.1792182873905046,-0.13849098231558,0.5239448397410245,-0.26283630845467726
0.261991479608342,0.4023722508839638,0.441901224279323,0.522435829044196
-1.0,-0.24906944097563022,-0.533012444777546,-1.6620976292832994
-0.9988127707261691,-0.8424967104676824,-1.0,4.031564838394754
-0.6522342568507093,1.0,0.21864347530825046,4.286879028431383
-0.40676297651234217,-1.0,-1.0,-13.46616554617638
-0.2483616237389139,0.5747011636253718,0.3137181395286366,0.06497388120814473
-0.7300749838657683,-0.0014459860132272073,1.0,2.850956056837936
-0.18380634943114194,1.0,-0.547011585345291,8.756771810652912
0.8040395859925027,0.62748694514616,1.0,12.072023566244722
-0.5560978964589489,-0.3924784126408005,-1.0,-0.7634340537315858
0.5092553035708294,0.43018676763020625,-1.0,-2.5573743442289985
1.0,0.4757253849074192,-0.20603293863018535,6.02657120911625
-0.05276246427496245,-1.0,-1.0,-16.671765091225208
-1.0,1.0,-1.0,21.974303121883608
-0.6880509289353631,-0.28594259566175806,-0.05892269185214816,-0.06106464091966247
-1.0,-0.5122569057238395,-0.41629050991217253,-1.2874684859578316
-0.6570833074113658,-0.4279233323801461,0.853245926378682,1.4393545475251566
1.0,-0.41220125140162,-1.0,2.5123091776353346
0.13256836843961373,1.0,-0.603754223091109,10.52904383624634
0.0580605412229509,0.11093206290035185,0.13340880770714758,0.9668068871800946
0.51800549833498,0.4466543020597473,1.0,2.7124091693014467
1.0,0.8960639909229808,-0.24606902895406324,10.68665400305447
0.11421226798842365,-0.3976895844887205,-0.6893732226944176,1.384167225602202
0.5942073491032114,0.4422217081188333,-1.0,-1.6982873965178893
-0.5532070551563524,0.30184708911921465,0.025235214401363004,-1.0903310927929664
1.0,-1.0,0.5475831111877167,-6.00187598807593
-1.0,0.23731966323968745,-1.0,14.22085180123825
0.25068863133982466,-0.032349894813680447,0.06000109038489243,1.262431204617397
0.7589152905696406,0.3567707606749011,1.0,6.868294154605509
-0.28660874207120624,-0.2807031240819502,-1.0,-3.694939345086003
-0.22713397133944713,-0.041933279114419575,-0.5140453395597926,1.0424149734528183
0.5343736049060464,-1.0,1.0,-6.91708778904003
-1.0,0.6515080169822467,-0.09075235294466011,-1.9095500883622476
-0.3417466655626147,0.3407770769704781,1.0,3.7496042372322367
-0.05882019449564324,-0.26704492106099,-1.0,-3.5514310240991356
1.0,0.3119178058446057,-1.0,11.377576618942708
-1.0,1.0,0.6082539460907226,1.276245481366788
1.0,0.27333136417803616,-0.824305569681796,7.714564740631865
1.0,-0.15502694104661363,0.7993508554528879,7.916512095151139
0.33829076898157995,-0.40725591264753036,1.0,-2.770405542010912
-0.4622018168915516,-0.10014451817006775,0.2455571616810881,0.34466063008795844
-0.14881573433826034,1.0,-1.0,2.945810409701231
1.0,0.0031645041400170104,1.0,11.997904576046936
1.0,0.8040378024901744,0.4272058222373063,10.976153102100941
0.3602339370271963,-1.0,0.9207235597857331,-4.85511433470229
-0.31035110131632004,0.30623077573091795,-0.39905149656954575,-0.2993967730955204
-0.1458781097312687,0.1268365519285335,0.10611050321800364,-0.11446525286647555
0.6355011475296799,0.07917316721741252,0.6955305042026432,0.8443112368275387
-1.0,0.30753404616668,-0.13856960727675416,-3.7188039600451614
-0.056137592143528536,0.7593908615320717,1.0,7.476106960293084
0.13965311259977642,-0.44243378108738507,-0.2436334293932496,1.6440247010830276
-0.3537894344993635,-1.0,-1.0,-13.509001700276235
0.597843885633224,0.01010242139236972,0.06580483754105892,1.413835329384943
-0.07022707954195773,-1.0,-0.14644473367850708,2.8668436728746807
-0.6442742589573294,1.0,0.2805279227648152,3.4287247765891964
0.8518499160787913,-0.44126611912649105,-0.2567710238253331,2.186790909213693
0.36850994413111127,1.0,-0.2110540838456949,9.268405872147229
-0.7263970576835816,0.15659742801322718,-0.6031742187889892,-0.3067548026049936
0.3384594529773668,0.343384824761485,0.3611279298528587,0.825451537775966
-0.823496711856806,0.19086298554582304,-0.012740196306249674,-2.481915154820115
1.0,0.4956646532185627,-0.6528470642780049,6.421880727592424
0.8520822569779634,-0.7157314207675602,-1.0,-8.47190878780907
1.0,-0.032405902728485536,0.23336801952630504,5.281040242885143
-0.5285212021588437,1.0,-1.0,0.46327564188231507
1.0,1.0,0.23181679733965455,13.195086708381684
1.0,-0.7241919547775022,0.17553307893690162,2.118202508745401
0.11514201389143719,0.5520078294579396,-0.481993236725311,0.996162670731092
-1.0,-0.644134573739298,-1.0,3.9210925107931853
-0.6499307647011829,-1.0,0.6533672148428538,4.843942546247794
0.28855377075678335,0.1842039449765729,1.0,0.9723112614821922
-0.7831689267042132,1.0,0.7484494562048019,4.915719659352061
-0.4186366755268667,-0.2025448926182929,-1.0,-2.471331401252158
0.8838897552264968,0.4993310703162217,-1.0,4.59847923828083
-0.8513237092900254,1.0,-1.0,6.420663528689975
0.8135669659113354,0.9013592161860411,0.402788541798627,6.746315375018466
0.5145031537583702,1.0,0.23054661035797785,7.480578006629066
-0.1629501624045,1.0,-0.07345395001637645,7.66905504477898
-0.5274525763692961,0.7968290917803895,-0.09806017187690452,-0.20883100491310674
0.1695885687798495,0.6916091574591723,-0.5190293441591649,0.8411283743950677
0.955025152993987,0.28332211861439105,-0.8034138541907885,5.89665398567921
-0.07941430409674144,-0.9510338416465334,-1.0,-13.61486822080123
-1.0,0.19477085193589994,-0.3673788575696082,-2.13187435131591
0.36884180892405993,-1.0,-0.5748603913939319,-2.9297984576368847
-0.24665564776505144,-0.21290913274014112,0.915159111453556,-0.48642538200441887
0.208019350393726,0.37964627780070925,-0.17755700139613873,0.6069319384974495
1.0,0.10603233041971549,-0.17769319595881283,4.307274384978716
-0.30824124383401985,-0.559386404271794,-1.0,-4.810627311072786
-0.014923252765888684,-0.38492672113663695,1.0,-1.9579601930630055
-0.45293570524404747,-0.7372602819057303,0.9649215043666639,0.9262695856218226
1.0,0.33267799678111176,0.15141142790101592,6.163766615090701
1.0,0.6135744893116621,0.21070132679040365,7.847018802392688
-0.06973116294834769,0.7508989813561577,-1.0,-3.981070387902753
0.5314028370251829,-1.0,-0.2619796990825265,-0.9320422989142326
0.8403160532401195,0.38330953769800913,-0.6892965282748102,2.1389550416604752
0.7686943511365458,-1.0,-0.0856933791283705,-3.2820863923961596
0.47516453368762845,-0.014455263712973121,0.7374621862085529,0.8777112676868642
0.9495661309601586,0.4600924540239719,-1.0,8.082421513624416
-0.06893714983344035,0.05498171580170119,0.09527541105762105,0.3141934847028969
-1.0,0.5860249959042718,-1.0,18.573977979501752
0.003013648315556061,-1.0,-0.5977334280879929,-1.1553074365936813
-0.5624626296398387,0.2325751238156899,1.0,2.0389631778821777
0.6390089499791949,1.0,1.0,11.145181927481334
-1.0,1.0,0.3488418559841657,2.5517395996353804
-0.3790630037652707,-1.0,1.0,-5.145330985265647
0.08351502553359169,-1.0,-0.8615152595685736,-10.585189719773608
-0.24619188965091743,1.0,-1.0,1.6173045254585143
-1.0,0.5431909372466093,-0.9585983395506186,14.910768791128872
-0.8357393587469539,1.0,-0.6796809066142195,3.873176186687803
-0.9789080157831775,0.6732502158569829,-0.3754677659510073,0.48263364006252885
-0.5007040475471995,-0.23497505617888725,0.007445640057526015,1.098954285546666
0.14618400437334222,-0.9823171816814216,-0.7779668543683607,-5.534714621042891
0.6308402141412488,-0.5168386093356443,0.10443314290767525,1.0634785629477497
0.8206836595501137,-1.0,-0.558846947629968,-7.683542202279889
1.0,-0.7967109004977386,0.07404855298366764,0.36782168415120586
0.8486888645739112,0.13589967823556215,0.2141580625150601,3.482110245427029
-0.6465463651607539,1.0,0.5905350695637945,5.973694055068706
-0.7966610222756667,0.40942026720803604,-0.7371560147290968,-0.07763430974409785
0.1886334639710432,0.7377401387770113,-0.401327355537759,1.8862026665477556
0.2645491600756473,-1.0,-1.0,-19.93868296761927
0.07928733736139315,-0.6854878745224147,-0.709566074223821,-0.3755875289002946
1.0,-0.20307757874072863,0.8299902760823061,7.912756252414974
-0.7825139857111019,-0.7050070787925917,-0.14386818878242114,2.4624133453607104
0.7299907317843908,-0.8000880828758843,0.8198037862145573,-0.8294197106615055
0.3628026489749636,-0.5151678818371948,0.9118412170279733,-1.946705704789426
1.0,-0.6300129811883477,0.7524124757523629,3.6519733068559073
-1.0,-0.15073433498830613,0.7409454408852127,-0.9331486736150801
1.0,-1.0,0.4934831283419512,-6.83072376070142
-0.27501947777692126,-0.6463161181215695,-0.3991765113456882,1.167182134327134
0.719258772988614,-1.0,1.0,-6.935770894140149
-0.6991781105437034,0.65545573425166,-0.5100490950558187,-1.5508148164554674
0.22774366757975395,-0.3239760622981076,-1.0,-4.814938110492759
0.22485898833947604,-1.0,0.7000874377131909,-1.2032932562999779
1.0,0.04297801796931777,0.29337195775458436,5.397347990397732
-1.0,-0.6620446106839704,-0.8439172473246439,2.6680064631589233
-1.0,-0.44540565265524856,-1.0,6.695364979101472
0.5453322336808333,0.24972872307465543,1.0,1.9411928919165011
0.07658570148347943,-0.13402938876929005,-0.407117040001441,0.9258736707493874
1.0,1.0,1.0,25.580707031212544
-0.44849389602616285,0.10279847702273526,-0.3455991308165831,0.1876725782443801
1.0,0.24010225940876184,-0.12423073836518395,4.954877532224489
-1.0,-0.055119678774855796,0.026021124895174275,-4.593873472990007
-0.36699594799832114,-1.0,1.0,-4.543274950613839
-0.8568508839837028,-0.17055642932950343,-0.42881929549117803,-1.1873913036243078
0.5137792550443405,1.0,-0.15593644955958075,8.690237194394388
0.4087874927686066,-1.0,-0.9072786359260863,-15.06665252606889
-0.2749536400007968,0.19703735772695774,1.0,2.361909682757441
-1.0,-0.23112687812718513,-0.04039452302342239,-2.834479086340438
0.6958050403833016,0.8206031273615031,0.7268247379496688,5.927366019487999
0.7401414459740112,-0.2035958384960277,-1.0,-3.1091261551922935
1.0,0.6115769567970437,-0.1796350275619225,6.63653919294908
1.0,1.0,-0.4497882731929701,19.490482020717437
-0.9536544315765421,-0.8678014363963726,-1.0,4.60057471552664
-0.6741993318183588,0.6951108023577135,0.538760163053464,-0.22440520649457274
0.20175591905676327,0.11900106259790699,-0.9720487088742749,-1.8723717396402584
-0.7005334027618022,0.349895797122455,0.5160952794956526,-1.986323246589167
-0.4659700622886247,0.8147819961261049,-1.0,-3.7645633432298182
-0.03025918157387575,1.0,-0.05845425566214901,7.867305446357808
1.0,-1.0,0.2554685653620299,-7.6418567048848365
-0.7289715604623259,0.7120212723074746,-0.8821474627344734,-1.0328994556835744
0.5145469607491666,0.5052385657431788,0.05535179265889023,1.1664388686633758
-0.39964535369424414,-0.4736841271457195,-0.28375517006892825,0.9953621288516855
-0.30788422812995586,0.9375141538428449,-0.0793229211320361,4.189618311745724
0.047382888054035455,-0.05591482270382353,-1.0,-2.9768239836891235
-0.47894822185038133,-0.6888908143840422,0.028380408250039624,1.5019554487025457
0.4455047145421889,0.5821576243155286,0.2276589731534282,1.0402194758341914
0.7981827646352093,-0.7198830947283528,-1.0,-9.380628516789354
0.34432247427239426,-0.812067666773385,1.0,-4.919103052091971
-1.0,-0.8233030833698278,0.08117737136555858,4.410763009985135
-1.0,-0.3614908068289737,-1.0,6.828725932243716
0.02773714423882012,0.3803694131816364,0.8809483182588254,0.8477662550174078
0.036046883704342836,-0.7150921250090401,-0.23139104410701328,1.7253242923364451
-1.0,0.16384199062821536,-0.7339233896747719,2.32854267988547
0.8184909270370493,0.9358499774405717,0.46669194842338246,6.61864326748052
-0.647190556330504,0.14255589329785545,0.4532745099456086,-1.44955376855876
-0.8409737494313694,0.48289861099605247,-0.046240851881405476,-2.690561352374334
0.8245457152670934,-1.0,0.42027110762670805,-3.939604696253809
0.5288212712344385,0.37903706576215,-0.09664885462880157,0.7485195224805306
-0.5741180878246601,-1.0,-0.8356292084156074,-4.689911262218681
0.33167824714816696,-1.0,-0.3680416511141673,0.783014348898357
-1.0,0.2441359616699874,1.0,4.049230525882507
0.7211992782206338,0.565086730898924,-0.16245800755666995,1.530405392949237
1.0,0.29270448358154555,-0.09060943218386353,4.8680488364937915
-0.23108639459605618,0.46379831526383186,-0.5602680984372961,-0.43008003999777333
0.8567560391234925,0.10266812591172969,0.8333465570183063,5.938415731816441
0.8714277253859806,0.2674226747912605,-0.788645913840238,4.284206317076846
-0.4079740236808722,1.0,-1.0,1.5563603957989918
-0.5148843231467661,1.0,0.1461030346475254,5.533546682596211
-0.16188947257206232,-0.8618437628022857,-1.0,-10.484789491859678
-0.6487991702596259,-0.22019948267163358,-0.3534386377465206,0.1730475231665875
-0.7200748860845738,0.022340700647196066,1.0,2.3329033572978477
1.0,0.10590274402204636,-0.2629516119062214,4.09203508525077
0.3944760145901425,-1.0,-0.10425870612743626,0.9752611895436492
0.9671313326761493,0.02399206330318604,1.0,11.422218572816671
0.17095290088875448,-0.7047035089734046,-0.9372193162744464,-6.980505157842105
-0.6065976004875355,0.9744147294945147,0.44217386025025873,4.130348617183956
-1.0,-0.06492589347915856,0.4429332614537773,-4.182223976219735
0.43887314093353424,-0.9021639883521304,-0.3360212791936086,0.7619539874174338
-1.0,1.0,-0.44791286154601906,11.95458550336494
1.0,0.017467832778715664,-1.0,8.090312023029197
0.10762294388131322,-0.17474597293810312,-0.4744803360768033,0.6926210933454664
0.359043802484438,1.0,0.13006176237790723,7.129815248892181
0.06579552782369924,-0.018715365343870527,-0.7291988897287327,0.20441118805729686
-1.0,1.0,-0.9951239098990106,21.90536104570111
0.36552302645497226,-0.18224935174657153,-0.37602887362684756,1.276240428575395
-0.6052421426078811,-1.0,-0.3769154203151608,2.4127121405383116
0.6361684473929752,1.0,-1.0,9.490551691518256
-1.0,-0.12104186936842609,1.0,4.258294619154736
-0.6634871694583007,-0.05218046424670475,-0.24276674243585794,-0.8074758472929662
-0.41531382795094784,-1.0,-0.4972493070863848,1.4876098530637214
-1.0,0.005476060933406135,-0.24920115833004308,-4.1977895963122185
0.22762976433209015,1.0,-1.0,5.0881823074674974
0.20789807537927096,-1.0,-0.6323009576702503,-3.230147185110882
-0.2037860348245384,0.732101076956928,-0.15395673374503382,0.8265301874167297
0.9389930426001154,-0.5806988396813124,-1.0,-3.47497585480653
-0.986821369800237,-0.14103453387293197,0.7974870040376176,0.11257891575279416
0.2715787539277068,1.0,0.9795288101746271,9.895402663403601
0.9166462767881465,-0.48827231265973103,-0.5260562595731475,2.6144435766452707
0.4544484099948318,-0.17176391520637901,1.0,-0.8830906283989743
-1.0,0.08048067188299224,0.287072078950769,-4.655510266363559
0.2721437830281963,-0.7815828126475306,0.9457536215356528,-2.786157571082655
0.5146112407870966,0.37130558801397306,0.2981795942150143,2.0442613283691182
-0.22141817443908196,1.0,-0.3711252508286582,8.528705422266237
0.8173224758770357,1.0,0.27250923368634705,8.584847039553459
0.07454051395695571,0.15950799619879508,1.0,0.6003842594767466
0.29769580736764234,-0.9815352134229385,-0.4159206531048274,-0.014046904304817337
-0.4043104004338487,-0.3719478533601479,1.0,-0.007208757257788578
0.40535092235028913,0.5249481680787622,0.29359475763786236,0.7503980821954812
-0.15835031097059038,0.6538392197418348,-0.08759935348919123,0.5487387584268939
0.5494831253774419,0.060371892040334885,0.1788840581894824,1.7089835206062969
0.05419991364094212,-1.0,-0.9727759778196616,-16.112611380289987
0.2859565875664587,0.4300195704839045,-0.43299605833836163,0.9597410130246555
-0.16836753649161573,-0.5671850658594739,0.8860423065922161,-0.9757304683892511
0.28628840603039074,-0.6039438671385471,-1.0,-8.126910986460592
-0.19760666596058551,-0.3526935480672231,-1.0,-3.7262450734410293
1.0,-0.20807154231479563,0.8951977896684706,8.062101497399514
-0.08837879085119771,-0.09362440072856315,-0.23669121804511328,1.0766725818957323
-0.6507456515357961,0.10387783723924793,0.35485350222753165,-0.9159061550854177
-0.17376905983066737,-1.0,-0.26901955452792037,1.9906370597477911
1.0,1.0,-0.7342085281677064,26.820713070046875
1.0,-0.2719712703973374,0.7316504242921449,6.7623998082067835
1.0,0.9572176748205159,-1.0,32.30638188017916
0.5679348063896479,-1.0,1.0,-6.730126226027408
1.0,0.1979424639776317,1.0,16.076759972089437
-1.0,-0.16513586066778263,-1.0,8.730239388839648
0.7262069171593086,1.0,0.18267723168677663,7.609248258802557
-0.5424793604749063,-1.0,1.0,-1.851332350161941
0.8928880984431218,0.06344927937691658,-0.3539410844523081,3.014551180082056
0.304311612694794,-0.255246278998831,-1.0,-4.1692482753027855
-0.7557143419373273,-0.07050106261776534,-1.0,2.936749248723886
-0.5045367114380657,0.5052580010648522,0.18736240673161797,-1.940009819792134
-0.507184688071209,0.35013697338259253,0.19888477703269913,-0.4410118249916718
0.32980764416645947,-0.5133785013955512,0.9459308908412132,-2.9109230853328123
0.22107353267981744,-0.0905496255903826,-0.25430529649568334,0.9944522918588111
0.2833111576146454,-1.0,-1.0,-19.14379092994547
-0.19670920647120171,-0.8727246240152806,0.6958191734589734,0.4238028729518776
1.0,1.0,-1.0,38.98019955951834
-0.018744810046253946,-1.0,-1.0,-17.336109895276078
0.6356164763704515,0.15251799538491562,1.0,2.5767624349672706
0.7553998199828236,-1.0,1.0,-7.219849186607805
-0.5170222258410042,0.08172517389027156,0.3566089845435896,-0.5149547458221198
0.31526547724384013,-0.8729481615597796,1.0,-5.5899602429813875
-0.8131689818175691,0.3678879462912914,-0.9983702965728602,4.977969940412894
1.0,-1.0,-0.28413869952299287,-8.961140894134916
-0.46793387297709677,0.015183825168055165,0.3011434226555678,-1.620215871217713
-1.0,-0.3967031923582065,-1.0,6.796634088032838
1.0,1.0,-0.556899356493942,21.495576269444506
-0.6920649694883427,-0.5485190904568964,0.9507424096949415,3.1224358690732346
-0.18989804236750873,-0.5730850209271638,-0.3087734553314192,0.8615393097875657
0.0964094739963377,1.0,1.0,12.967769342073098
1.0,0.1298102949486335,-0.41143502622088457,5.096854727906659
-1.0,1.0,-1.0,21.513277682322038
0.9179725940524823,-1.0,1.0,-8.402527717247173
0.04709544000600685,-1.0,-0.9635616606519699,-14.703495241062758
0.0225037190813413,0.40137110723486225,0.483869719717108,1.1056343224612755
0.14917413605734775,-1.0,-1.0,-19.067703435080972
0.430944519607396,-0.3116257378050511,-0.2783615829299233,1.0522168466345412
-0.11236243103368193,-0.865780389760598,0.6688272959908397,0.2922977987705787
0.004522447866432078,0.019073755701492612,-1.0,-2.7788740025305465
1.0,1.0,0.4709039522176881,13.65183727343881
0.42101314070176876,0.2298931449197712,0.46823220271251476,1.6958171828877167
-1.0,-0.9210467697116655,0.9289230364477628,17.984411418046058
0.8229178344937471,1.0,-0.41412692904880744,12.774702739845395
0.1518317852218969,0.10801466628675649,0.8136577010690673,-0.18761623949611045
0.09146819418296315,0.8714272782531116,1.0,9.496034597677514
-0.028153447286175748,1.0,0.6729628619226877,8.447713100518104
1.0,-1.0,0.2724447265500318,-7.525243325789157
0.5153368280382957,-1.0,-0.44796501602775596,-2.6083478477369217
1.0,-0.6240729394659077,0.5900693603744454,4.2100019359310235
1.0,0.48516383584709843,0.5633352621755929,10.237482138685793
0.06706924616445886,0.3332972505710181,-0.5067294821823751,0.3788917975076856
-0.1771799784167507,-1.0,-0.9740746837531311,-13.948883703432719
-0.5436011490416057,0.0957129646488144,-0.31190925120346025,-0.7084388868510971
1.0,-0.49400292262094503,-0.911792495766266,4.539803695107361
1.0,-0.4008223528071164,-0.0024660722711746796,4.453001439105259
0.0720618123532637,-0.4759169912854897,-0.8333544659979089,-0.9698977704910803
0.6490165025354395,-0.01900947463171576,-0.7679491947987691,1.0141293456411344
-0.3384267236817369,-0.6843752874591102,-0.592374105077925,1.0062587247450903
-1.0,0.405268101013309,0.3764212225948371,-4.958483117449023
-1.0,-0.34808717350646723,-0.7087284791693473,0.41709587543227344
-1.0,-0.42856947686127955,0.7848779631567389,1.9414465323096093
-0.6259297947095273,-1.0,1.0,-0.7336280038179323
0.6117629409201062,-0.8487723872467239,-0.171037591251882,0.7210840445339303
0.33108270556348085,0.8757321774726028,-0.6939295159289647,3.9547148960033827
-1.0,-0.6524080467816062,1.0,11.841529700574108
1.0,0.46363649344214086,-0.35660794695028897,5.576401942173695
-1.0,-1.0,-0.4166071748891247,5.3657119316564375
-0.4419841752788045,-0.03259920563728147,1.0,0.7617126658398841
-0.8030989030189999,1.0,0.18548367720896852,3.2182973467374536
0.6541455953038575,0.9344084530399863,-0.5780665068709927,8.3984693608607
0.03584289845693944,-0.76362431935571,-0.30158924660212927,1.2405130028291513
0.9183563246800359,-0.9654224525287598,-0.9739980966025752,-21.45335675478221
0.3347173786950237,-0.07381201176721675,1.0,-1.2706522168283196
0.6810010847995172,0.6532269124411989,1.0,7.901807859235138
-0.5054162547430294,0.8422848617124208,-0.9544975499813484,-2.7913589417346745
0.5991149777836873,0.12911346972385696,1.0,2.4517997430252616
-0.5234840217472667,-1.0,-1.0,-11.815593426734853
1.0,-0.21149019620530574,1.0,9.026306963444469
1.0,-1.0,-1.0,-29.7335982640575
-0.2798345891281344,-0.22450519868350471,-0.5428532186180799,0.32614706043313507
0.011275807239480073,-0.6097456168620576,0.4227949247895302,1.0542320426168286
-0.6995555995409641,0.584806097363751,-0.0824390579436789,-2.777685114417081
-0.025295599978654826,-0.5496323559638201,0.1057208951686417,0.8234339299854093
-0.8277814386203863,0.1477632218125131,1.0,2.0922605370461045
0.4958951451417506,-0.4960516957383907,-0.04526798602480997,1.435222589923975
0.5025105824039144,-1.0,-0.2820913522674282,-1.593045010908678
-1.0,-0.5544970258843338,-0.1937000113344436,-1.478423251737331
-1.0,-0.10521108673621282,0.6454964001342824,-1.64234824814991
0.23900951033546725,-0.7732818249652438,-1.0,-10.251977063125516
1.0,-0.18817627333626885,0.9817733668776059,9.424880796189777
0.5290131492335268,-0.22731748664054674,-0.6496265213690309,1.593000464011399
1.0,-0.11597211251112438,-0.6335096490098122,5.8277738190663255
-0.7711402970371399,0.09074153814588182,0.7574208488576173,-0.09035312442946908
0.17433498432023242,0.01932308104664493,-0.6878044683884939,1.091986525201719
0.14961083358016491,0.3110884565462153,0.5249479746867978,0.8482871834541144
0.0454357976519848,0.5761670784853787,-0.3305618962751191,0.6049458938661578
-1.0,-0.2765830615919862,0.7371106659918172,-0.18136024906699166
1.0,0.47133300403788825,-0.35959270498111695,4.285506132242061
0.8593108054142764,-0.42011199370311525,0.3101451382859408,2.8908159945629466
0.20269067560228993,-0.2398839879703567,1.0,-1.0564347760783905
0.642856287826721,-0.1091106734013092,-0.33471683315414036,1.1497063827567593
-1.0,0.06644237062985536,0.36748058904604597,-4.957104328211589
-1.0,0.25195720108246356,0.3209788909005207,-5.287159774243557
-0.32123838426571516,1.0,1.0,15.697188043830838
1.0,-0.15486668906071088,0.16080024916929614,5.4581308725265085
0.28899699997600314,0.5570009123443271,-0.6734807896315638,0.8539232553881915
-1.0,-0.738589094007889,-0.19286482067864763,1.3702451513857006
1.0,0.305279079385125,0.03252214366138806,6.125730246847372
-0.8455743846219272,-0.7015500932487837,0.8572095573315333,5.116475913688897
-1.0,0.14587157414335117,1.0,3.3627548041078117
-0.9952240875250069,0.045733787078132915,1.0,2.6199319218609975
1.0,-1.0,-0.3980060461427535,-9.318084663616254
-0.018727443490907936,1.0,0.8361507084251905,10.398889134103943
1.0,-0.6944607741657762,-0.2706420958797209,2.6024026824630635
-0.7832141182799015,0.47849481159625284,-0.35621519907713917,-1.8602811358070384
-1.0,-0.12636866462513052,0.0008271725535065055,-4.12587388024048
-1.0,-0.1488913947362982,-1.0,8.508209580610059
0.8948113445576154,-0.40051471708613917,-0.97553009899389,-1.0246028273537386
-0.23633879870126395,-0.9891477337559187,-0.636548990387231,-1.4159924382336286
-0.7729725854710052,-1.0,-0.8492604065103511,-2.017952667871086
-0.7112057128145208,0.9255677380311327,1.0,14.070359571754997
-0.3468022040780889,1.0,0.31039220483109276,6.651691185802755
-0.7521346667490669,-0.06467329040461034,-0.3251090797187901,-1.4079347851571185
-0.2266720359707144,-0.35685149799139526,-0.29494520434584137,0.839954454870062
-0.18217800111343885,-0.9991414266179572,0.15184172361245118,2.4672698703879687
-1.0,1.0,1.0,17.465316900284385
-0.43890210095049476,0.47758112277028153,-0.3203249440841738,-0.48419067888742484
0.14306353071714306,-0.9947217926904277,0.11289783961165734,1.8482902443243991
0.2609986757025353,1.0,1.0,10.302699876248415
-1.0,-0.3026973396101682,-0.6808629178567451,-0.33661023506173976
-1.0,-1.0,-0.45221380339728556,5.843914328738433
0.2816217178283169,-0.9040418741487302,-0.429686149027352,1.801100116219256
0.8197653865067336,0.6359856033274207,-0.28250332827320945,2.0913609579022943
0.4263594327161402,-0.1496794287426726,0.09272236857231841,2.250729878818906
0.8360119937828348,-0.3802981790016231,0.28516690612131623,2.500770487798912
-0.475013636843971,-0.18694254746999417,0.49687801474457727,0.41737140216818
-0.5634647560610504,0.36390881634993133,-0.0191562899669504,-2.016992276158769
-1.0,1.0,0.048356521527550544,7.106268707289858
-0.3956767553080627,0.17342018277114968,-1.0,-1.95673698398105
-0.3692582681633527,0.30018246669781457,0.2556321213711483,-0.2144007547440252
-0.45138635755718526,-1.0,1.0,-2.9086414777072203
-1.0,-0.8433791941658291,-1.0,4.1570283658073715
0.2516788784465267,-1.0,1.0,-8.629014641956338
-1.0,0.9431241011568765,-1.0,21.02059666304781
-0.08235181628105459,1.0,-0.638435072228235,8.957928121307672
0.7814104391697172,-0.24148452129599018,0.5983873215496494,2.2804978490374
1.0,-0.7114392439189055,-0.2985982293655365,2.605117552006164
-0.9260418504996262,0.07165290894393395,-1.0,8.940039720836522
-1.0,0.025173216513890928,0.01998609345874236,-4.453199912697163
0.7010490169512325,-0.7037988437015905,0.011548054671357555,0.6195197233729852
0.7334777046562073,0.5502888919064626,0.8961681945780695,6.595000023181833
0.82405727147317,0.835100155841342,0.8085383318875159,10.245603153241678
0.5733137759851987,1.0,-0.43646281986339863,10.92027986416685
-0.4582621611205304,-1.0,-0.8723971975589024,-7.159765957917188
0.7185390919439796,0.5812620202143712,-0.6854911811402216,0.43920054311547063
1.0,0.3297406960401503,-0.03544474036811218,4.267708285522664
-0.8076088178631706,-0.5103026650436799,0.6871621075855356,1.8331297202346308
-0.7441744650276061,0.7821745785809278,-1.0,0.2542870080141827
-0.45303804200810105,1.0,-0.7515707501775426,5.383448852851553
0.024522181506366758,-1.0,0.649296630225302,-0.815888104217914
1.0,-0.2341086095472671,0.1775701121131974,4.344040388205206
0.023175590826417514,0.633943691119738,-0.7847103903417356,-0.1611961590654214
-0.6668865224168703,-1.0,1.0,0.9368510356213096
0.6389712390358537,0.8720109162460645,0.8598079145008195,6.646582315431793
-1.0,0.1526405940053186,-0.10836230562131632,-3.940874521475343
-0.8201965623656489,-0.02247037454939549,1.0,3.3181257850085566
-0.37792360686785,-0.32633770307704535,1.0,0.2895389495187916
1.0,-0.40531497281455287,-0.05604172508649752,3.5373027146699205
0.4772519842320966,-1.0,0.5172958106518954,-0.006571367082119084
1.0,0.18560216538337704,-0.8377008244844695,8.238694565849586
0.03192046878789867,0.6336883110427178,-1.0,-4.313909285263266
-1.0,0.19538897453134374,0.08029352785127464,-4.84342104201795
-0.970011103385719,-0.7013707078328286,-0.028615621255242862,1.4836317290756318
-0.6603300518152484,-1.0,1.0,0.36114863825948373
0.5190102137367556,-0.49810297013823557,-1.0,-6.494764806688054
0.1335064288081671,0.5420295466092351,-1.0,-3.6469214677609143
0.3685761995208787,1.0,0.007267229348191684,7.763928321400109
-1.0,0.4314182832734832,0.030173899845829633,-4.354305822321691
-1.0,-0.7015313575299518,1.0,13.342526064074297
-0.05149237403036233,1.0,0.757046701745014,9.946510192060218
-0.5166393426537286,-1.0,0.37166004016042287,3.8165454739392812
-0.1850941650139477,1.0,-0.792836544826266,6.928109296802904
0.185310723847379,0.41512874497656127,1.0,2.5867811649708994
-1.0,0.07188678989497688,-0.03701292464306727,-5.028177394405776
0.7305621643178164,0.5225546167252244,0.7079706861069177,4.157771433185579
-0.24235769772708693,-0.25482536510376486,-1.0,-2.478099907044294
-1.0,0.5399000846431585,-0.5255279035662346,1.8471148525636798
1.0,-0.689832513170161,-1.0,-2.633038426092934
0.9855446192750075,1.0,-0.7416399117150032,26.404810280966803
-1.0,0.284273604457117,1.0,3.864784455133699
0.7671155224877897,-1.0,-1.0,-26.964281547809207
1.0,1.0,0.5604598186339695,14.72513591033716
0.53929213866641,-0.960742033858007,1.0,-5.827397243549921
-0.3943493369058433,0.024871656244908946,1.0,1.4352632505180258
0.9664034672922805,-0.614908330190413,-1.0,-1.8494905336520375
0.14838110764014667,-1.0,-1.0,-19.28673535552309
1.0,-0.45478740845155285,0.6640573915660479,6.219938977480823
0.22359335924377866,0.2377206575646389,0.2479718676633631,-0.027840583263111673
0.19798388590621485,-1.0,1.0,-7.049282611128126
-0.7089900390473018,-0.41271275827367093,-0.029288356760771794,0.1723798798567363
1.0,-1.0,0.913750314249673,-7.437885386079087
0.601117184565553,0.9192836475606514,-0.8112403369512569,6.837546725480868
-0.7731446242888462,0.4392047259110943,-0.525554422746312,-2.082695536655201
0.6789741980890451,0.4974307842901011,0.2100294989009932,2.68155319360856
0.2645187687736634,0.8872020559572646,0.8131443048408948,5.938201370783498
-1.0,0.18621929563766892,1.0,2.9629093293575557
0.20939052005100178,0.8146289654832115,0.30211101224750303,2.9464693287621686
0.27884702276000395,-0.10667058347854019,1.0,-1.1653757523660724
-0.004517109582471424,0.9905776540807216,-0.851595529756564,7.100176258061315
0.08033456608267131,-0.7139873089481399,-1.0,-8.542229820263891
-0.07403842841178077,0.8439460576063622,-0.5801410242825791,2.2541503711815865
0.03317560768732619,0.44126417695459463,-0.3515716840366885,0.16093476778412158
-1.0,0.41123302173592324,0.829227381083367,-2.2793676658742106
-0.6219721770933682,0.04411422661688702,-0.9418890286154724,0.296762311877677
-0.6549683022522226,1.0,0.7845702651048272,7.544159062646201
-1.0,-0.1739304553814125,-0.9240745284626333,5.246881900510182
0.01252041599813114,-1.0,0.20511331372368669,2.0144678152704163
-1.0,0.11413008543836889,0.26159208058283245,-4.3003497709887375
0.6108883054548975,0.6640248859021232,-0.29245885944258987,2.1126656492559115
0.2729007689300307,0.4736904033018039,0.30870387733406224,0.44273516133359336
-0.959589902609308,0.5765843799346724,0.41982696974325795,-3.1543377048543237
-0.2265065915598552,-0.8585239747169688,-0.7313225862900579,-0.723102908693773
-0.812841088707263,0.29795429543362784,-0.34341873509341814,-2.0094164646025585
1.0,1.0,-0.8663399253675885,32.695604095881045
0.5121184382910247,1.0,-0.05512758673158258,7.932712076676442
0.22447350484133333,0.9208997357014692,-0.11306361446240776,4.374679671868314
-0.6525045171749744,-1.0,0.031075099746210144,5.804175693397359
0.39623988314105185,-1.0,-1.0,-20.904345405508543
0.18738703016939762,0.5309221899480965,0.20313628214359292,0.10873152860406043
-0.09345933384930283,0.13174097340583457,0.3850600061498668,0.5615965230129285
-0.6643720190887792,-0.11701787758788917,0.5783524458481597,-1.0592903804297313
-0.7608181390054845,-1.0,1.0,4.973462561620493
1.0,-0.5211032834338964,0.7803902880496782,5.260171985321574
-0.5818988632371243,-0.2681768074366029,-0.9379077885221934,0.043467039347070524
-1.0,-0.746557091870889,-0.9791558790425514,5.270666948868171
0.7349647603484242,1.0,0.14797730247990137,9.03238024828777
0.7577244006426511,0.5453104036888523,-0.5747270028736611,1.920101646080547
0.12166803755990263,-0.8652363526461926,0.5295119234918957,1.1578457084401463
-1.0,-0.2758737472408215,-1.0,7.322291693267777
-0.38555911504561324,-1.0,0.1428555981069457,2.8478550023224054
-0.37152572460750566,-0.8850357841495524,-0.3007828146257816,2.002650054671392
-0.19354744192357343,1.0,0.22739550249935214,6.210069525213233
0.11011117847547358,0.5222171654907817,0.5559317876988317,0.7400633610694072
0.6593785025630898,1.0,-0.40643256547138673,10.408761704929633
0.0525970201755499,-0.17118287121474673,-0.4932770755595748,0.3960008298073584
-0.2840891429924979,0.7492025551392518,-0.645397971405216,-0.4474941107437025
-0.07921768568705279,0.03195373662154166,-0.05703910068115969,0.20326192749845545
-0.09540977433095876,1.0,0.5812194739572716,7.7185150645346985
1.0,-0.09431271531477625,-0.25162324014014836,4.771316483315069
-0.5535844845917088,1.0,-0.9444018506923249,1.1028445179615898
-1.0,-0.03853339360612629,1.0,3.136374583053784
-0.16823105670758176,-0.04191533714201068,1.0,0.47482252586011514
-0.16242001666009287,-0.053247189783001136,-0.7482174828319401,0.4131369054370664
0.8704388310937652,-0.17673238388324708,0.22574952537083126,3.5906852648757206
-0.1644189011443702,0.48135846811251803,0.14894464876756852,0.056283948021448205
-0.5987512474904739,0.7329887887464748,0.605128693663463,-0.4603643908576289
0.3334205653457365,-0.5704250432829379,0.6373398252962772,1.5596510415350806
-0.14336707815533356,-0.6019605564808621,-0.6069361597496516,0.8447813120108426
